Algorithm,MRR,PCR,Train Time,Test time avg,Test time min,Test time max
laff,0.6544,0.7047041066599585,142069,11.499106884516847,6.019071837253656,39.01924383065429
