Algorithm,MRR,PCR,Train Time,Test time avg,Test time min,Test time max
laff,0.7365999999999999,0.7031633230614427,174632,14.4708152061633,4.016629297458894,43.018753973299425
