Algorithm,MRR,PCR,Train Time,Test time avg,Test time min,Test time max
laff,0.6137999999999999,0.690585497767436,104213,12.916375526411697,4.0232040686586155,23.02952167414051
