Algorithm,MRR,PCR,Train Time,Test time avg,Test time min,Test time max
laff,0.7748,0.7548990276738968,171482,14.01592999982421,6.0131578947368425,39.03685281483156
