Algorithm,MRR,PCR,Train Time,Test time avg,Test time min,Test time max
laff-nofilter,0.5993999999999999,1.0,169033,14.311362617612376,5.014941022280472,45.026444350042475
