Algorithm,MRR,PCR,Train Time,Test time avg,Test time min,Test time max
laff,0.2934,0.6195316348005194,68844,19.24192258065596,1.0297369833601715,60.02973698336017
