Algorithm,MRR,PCR,Train Time,Test time avg,Test time min,Test time max
laff,0.5686,0.7057932938504697,104381,12.704030453540728,3.022296015180266,33.03397231096911
