Algorithm,MRR,PCR,Train Time,Test time avg,Test time min,Test time max
laff-nofilter,0.6489999999999999,1.0,162944,13.171734911375095,6.0131578947368425,29.016129032258068
