Algorithm,MRR,PCR,Train Time,Test time avg,Test time min,Test time max
laff,0.7369999999999999,0.699707930802067,157309,13.937381159015615,5.016804481194986,34.037588097102585
