Algorithm,MRR,PCR,Train Time,Test time avg,Test time min,Test time max
laff,0.7284,0.6959035496593762,171790,13.932401395917426,4.026240581969343,34.02624058196934
