Algorithm,MRR,PCR,Train Time,Test time avg,Test time min,Test time max
laff,0.2424,0.8178930817610063,70357,22.356288737945796,14.017165878437554,43.030642750373694
