Algorithm,MRR,PCR,Train Time,Test time avg,Test time min,Test time max
laff,0.599,0.6001237240952676,173140,13.698290370121533,10.01804168856192,34.021377498905586
