Algorithm,MRR,PCR,Train Time,Test time avg,Test time min,Test time max
laff,0.516,0.7420828667413214,144291,12.570782283616378,6.015558698727016,75.02425731994016
