Algorithm,MRR,PCR,Train Time,Test time avg,Test time min,Test time max
laff-nolocal,0.5548,0.8342871517514622,170941,12.940728086216263,10.016846789574062,23.037182361733926
