Algorithm,MRR,PCR,Train Time,Test time avg,Test time min,Test time max
laff,0.6728,0.7214150943396226,52096,16.95251089417788,3.0171898355754863,85.01335748245415
