Algorithm,MRR,PCR,Train Time,Test time avg,Test time min,Test time max
laff,0.354,0.7979363170222195,18103,17.68669099928994,11.017353198948287,38.02970852017937
