Algorithm,MRR,PCR,Train Time,Test time avg,Test time min,Test time max
laff-nofilter,0.5966,1.0,168037,14.005327472309789,5.013583880461852,34.01557533375715
