Algorithm,MRR,PCR,Train Time,Test time avg,Test time min,Test time max
laff,0.33120000000000005,0.6174281256964564,34040,19.12960247394786,4.030277276107512,58.01657310879444
