Algorithm,MRR,PCR,Train Time,Test time avg,Test time min,Test time max
laff,0.6302,0.6450058542736198,51649,17.180475613888632,4.0219241681712665,54.01526513122657
