Algorithm,MRR,PCR,Train Time,Test time avg,Test time min,Test time max
laff,0.7385999999999999,0.703886548015848,156214,14.277323444674117,4.0173766816143495,34.026099141706084
