Algorithm,MRR,PCR,Train Time,Test time avg,Test time min,Test time max
laff-nofilter,0.5242,1.0,162394,12.834584100532783,10.016990716412682,32.0218152633883
