Algorithm,MRR,PCR,Train Time,Test time avg,Test time min,Test time max
laff-noboth,0.5367999999999999,1.0,168454,13.090266259104292,10.016528925619836,33.03755605381166
