Algorithm,MRR,PCR,Train Time,Test time avg,Test time min,Test time max
arm,0.48360000000000003,0.970924837612125,1365,78.73252072763272,4,1163
