Algorithm,MRR,PCR,Train Time,Test time avg,Test time min,Test time max
laff-noboth,0.5622,1.0,179290,13.5524587099913,10.01829561868079,34.028993203058626
