Algorithm,MRR,PCR,Train Time,Test time avg,Test time min,Test time max
laff-nolocal,0.6088,0.7607520878924567,185224,16.512663367513053,10.020221473278768,67.03633540372671
