Algorithm,MRR,PCR,Train Time,Test time avg,Test time min,Test time max
laff,0.758,0.758166893755608,172876,14.661623624969485,5.017037037037037,45.0257283390087
