Algorithm,MRR,PCR,Train Time,Test time avg,Test time min,Test time max
laff,0.7334,0.7000315756236186,86714,13.73324136522005,4.015708200212992,34.03208036292936
