Algorithm,MRR,PCR,Train Time,Test time avg,Test time min,Test time max
laff,0.32475,0.7556226605013998,34194,20.98340429657871,13.044515103338632,42.027840059790734
