Algorithm,MRR,PCR,Train Time,Test time avg,Test time min,Test time max
laff,0.7365999999999999,0.7031633230614427,171844,14.368008201932758,4.015414258188823,44.01541425818883
