Algorithm,MRR,PCR,Train Time,Test time avg,Test time min,Test time max
laff,0.40349999999999997,0.6085406039814021,17982,15.664947242219334,1.0175724048161403,41.01757240481614
