Algorithm,MRR,PCR,Train Time,Test time avg,Test time min,Test time max
arm,0.5241999999999999,0.9867171829730332,561,57.926097615333184,4,155
