Algorithm,MRR,PCR,Train Time,Test time avg,Test time min,Test time max
laff,0.7356,0.6928453026298105,121460,13.64834136985818,4.0224318123884775,34.016214779372675
