Algorithm,MRR,PCR,Train Time,Test time avg,Test time min,Test time max
laff,0.74,0.6999779881135814,86698,13.973522916794739,4.016816143497756,34.01436328603959
