Algorithm,MRR,PCR,Train Time,Test time avg,Test time min,Test time max
laff,0.7350000000000001,0.7002704232438212,123439,13.635146627557578,4.01644245142003,34.01418812401471
