Algorithm,MRR,PCR,Train Time,Test time avg,Test time min,Test time max
laff,0.7298,0.6932696172569336,172023,13.936041236576187,5.015727391874182,34.02325828377231
