Algorithm,MRR-seq,PCR-seq,MRR-rand,PCR-rand,Train Time,Test time avg,Test time min,Test time max
mfm,0.4188000000000001,1.0,0.4154,1.0,0.044,0.0,0,0
arm,0.4692,1.0,0.5296,0.9895493725157428,1.528,119.131213433969,5,478
naive,0.5328,1.0,0.54,1.0,17.513,1.0,1,1
fls,0.5458000000000001,1.0,0.5416,1.0,0.0,0.0,0,0
laff,0.7365999999999999,0.7031633230614427,0.7298,0.6932696172569336,172.023,13.936041236576187,5.015727391874182,34.02325828377231
