Algorithm,MRR-seq,PCR-seq,MRR-rand,PCR-rand
laff-noboth,0.5367999999999999,1.0,0.5622,1.0
laff-nofilter,0.5966,1.0,0.5993999999999999,1.0
laff-nolocal,0.5548,0.8342871517514622,0.6088,0.7607520878924567
laff,0.7365999999999999,0.7031633230614427,0.7298,0.6932696172569336
