Size,MRR,PCR
5928.400000000001,0.354,0.7979363170222195
11856.800000000001,0.32475,0.7556226605013998
17785.2,0.6728,0.7214150943396226
23713.600000000002,0.2424,0.8178930817610063
29642.0,0.74,0.6999779881135814
35570.4,0.6137999999999999,0.690585497767436
41498.799999999996,0.7350000000000001,0.7002704232438212
47427.200000000004,0.6544,0.7047041066599585
53355.6,0.7385999999999999,0.7038865480158479
59284.0,0.7365999999999999,0.7031633230614427
