Size,MRR,PCR
5928.400000000001,0.4035,0.6085406039814021
11856.800000000001,0.33120000000000005,0.6174281256964564
17785.2,0.6302,0.6450058542736198
23713.600000000002,0.2934,0.6195316348005194
29642.0,0.7334,0.7000315756236186
35570.4,0.5686,0.7057932938504697
41498.799999999996,0.7356,0.6928453026298105
47427.200000000004,0.516,0.7420828667413214
53355.6,0.7369999999999999,0.6997079308020671
59284.0,0.7284,0.6959035496593762
